country,capacity,ecosystems,exposure,food,habitat,health,infrastructure,sensitivity,water,vulnerability_delta,vulnerability,id_econ_01,id_ecos_01,id_ecos_02,id_ecos_03,id_ecos_04,id_ecos_05,id_ecos_06,id_food_01,id_food_02,id_food_03,id_food_04,id_food_05,id_food_06,id_gove_01,id_gove_02,id_gove_03,id_gove_04,id_habi_01,id_habi_02,id_habi_03,id_habi_04,id_habi_05,id_habi_06,id_heal_01,id_heal_02,id_heal_03,id_heal_04,id_heal_05,id_heal_06,id_infr_01,id_infr_02,id_infr_03,id_infr_04,id_infr_05,id_infr_06,id_soci_01,id_soci_02,id_soci_03,id_soci_04,id_wate_01,id_wate_02,id_wate_03,id_wate_04,id_wate_05,id_wate_06
Afghanistan,0.709,0.51,0.481,0.596,0.531,0.815,,0.452,0.501,0.106,0.59,0.214,0.659,0.0,,0.203,0.841,0.846,0.702,0.439,0.427,0.794,0.98,0.232,0.135,0.162,0.24,0.141,0.073,0.645,0.206,0.804,0.818,0.641,0.667,1.0,0.692,0.74,0.977,,,,,0.0,0.023,0.713,0.701,0.298,0.069,,0.442,0.179,0.368,0.287,0.987,0.741
Albania,0.511,0.416,0.408,0.415,0.526,0.345,0.437,0.273,0.235,-0.046,0.395,0.363,0.624,0.301,0.198,0.234,0.345,0.793,0.81,0.086,0.257,0.399,0.865,0.073,0.589,0.297,0.543,0.459,0.108,0.666,0.601,0.469,0.695,0.615,0.061,0.658,0.038,0.028,0.98,0.534,1.0,0.264,0.366,0.553,0.0,,0.664,0.543,0.375,0.007,0.12,0.202,0.025,0.109,0.651,0.3
Algeria,0.523,0.416,0.327,0.463,0.433,0.475,0.134,0.279,0.336,-0.076,0.376,0.324,0.506,0.432,0.173,0.283,0.4,0.701,0.847,0.294,0.319,0.277,0.915,0.123,0.419,0.284,0.273,0.349,0.103,0.305,0.723,0.579,0.662,0.231,0.333,0.658,0.001,0.134,0.75,0.842,0.438,0.002,0.0,0.075,0.002,0.288,0.522,0.486,0.355,0.018,0.0,0.0,0.747,0.036,0.951,0.283
Andorra,,,0.247,0.218,0.461,0.356,,,,,,,0.659,0.0,,,,0.972,0.0,,0.335,0.131,0.408,,,,,,0.114,0.515,0.869,0.345,,,0.03,0.658,,,0.736,0.0,,,,0.0,0.0,,,0.776,,0.181,0.0,,,,,0.096
Angola,0.74,0.543,0.543,0.578,0.696,0.619,0.29,0.291,0.333,0.04,0.51,0.248,0.694,0.554,0.339,0.129,0.655,0.887,0.926,0.69,0.288,0.351,0.991,0.223,0.448,0.274,0.373,0.322,0.24,0.724,0.649,0.853,0.805,0.907,0.333,1.0,0.149,0.632,0.7,,0.619,0.007,0.0,0.093,0.537,0.488,0.403,0.323,0.069,0.012,0.464,0.264,0.004,0.003,0.928,
Antigua and Barbuda,0.621,0.53,0.472,0.661,0.35,0.385,0.565,0.335,0.313,0.042,0.467,0.424,,0.468,,0.397,0.504,0.753,0.904,0.211,0.422,0.815,0.951,,0.734,0.486,0.582,0.576,0.346,0.163,0.185,0.38,,0.675,0.303,0.658,0.005,,0.761,,,1.0,,0.736,0.0,0.525,,0.567,0.163,0.256,,0.193,0.072,0.0,0.987,
Argentina,0.446,0.442,0.47,0.376,0.574,0.399,0.153,0.242,0.358,-0.033,0.384,0.285,0.647,1.0,0.22,0.022,0.271,0.49,0.842,0.213,0.114,0.084,0.928,0.077,0.552,0.333,0.382,0.418,0.048,0.69,0.916,0.536,0.572,0.683,0.303,0.658,0.01,0.161,0.718,0.498,0.434,0.071,0.0,0.062,0.0,0.35,0.343,0.59,0.657,0.096,0.491,0.249,0.11,0.667,0.276,
Armenia,0.462,0.379,0.337,0.388,0.413,0.312,0.415,0.298,0.302,-0.073,0.368,0.627,0.682,0.0,0.215,0.256,0.247,0.87,0.608,0.086,0.273,0.394,0.768,0.2,0.426,0.442,0.533,0.49,0.061,0.646,0.606,0.485,0.646,0.032,0.061,0.658,0.039,0.085,0.573,0.313,0.585,,0.752,0.0,0.0,0.738,0.657,0.54,0.366,0.105,0.094,0.231,0.353,0.117,0.884,0.134
Australia,0.297,0.373,0.48,0.36,0.49,0.216,0.146,0.161,0.288,-0.006,0.312,0.667,0.588,1.0,0.079,0.0,0.172,0.397,0.856,0.262,0.096,0.147,0.802,0.0,0.716,0.825,0.869,0.838,0.107,0.614,0.853,0.53,0.264,0.572,0.0,0.658,0.0,0.0,0.377,0.263,0.437,0.049,0.0,0.218,0.0,0.176,0.522,0.659,0.757,0.433,0.936,0.25,0.015,0.0,0.241,
Austria,0.267,0.283,0.35,0.283,0.343,0.208,0.316,0.246,0.296,-0.019,0.288,0.559,0.753,0.0,0.031,0.374,0.18,0.36,0.343,0.125,0.112,0.442,0.676,0.0,0.727,0.717,0.772,0.86,0.058,0.733,0.558,0.502,0.21,0.0,0.03,0.658,0.0,0.0,0.554,0.004,0.68,,0.583,0.0,0.0,,0.634,0.661,0.577,1.0,0.229,0.246,0.054,0.292,0.941,0.011
Azerbaijan,0.479,0.379,0.351,0.473,0.461,0.41,0.124,0.363,0.442,-0.059,0.382,0.589,0.576,0.0,0.338,0.255,0.218,0.887,0.821,0.182,0.291,0.466,0.935,0.145,0.423,0.235,0.493,0.394,0.095,0.681,0.534,0.421,0.586,0.448,0.061,0.658,0.011,0.272,0.655,0.807,0.495,,0.0,0.0,0.0,,0.604,0.572,0.252,0.042,0.0,0.297,1.0,0.766,0.471,0.12
Bahamas,,0.333,0.427,0.5,0.541,0.435,,0.31,,0.065,0.452,0.418,0.0,0.497,,0.0,0.412,0.757,0.894,0.228,0.33,0.179,0.87,,0.721,0.697,0.517,0.529,0.347,0.621,0.821,0.36,0.664,0.433,0.303,0.658,0.013,,0.977,,,1.0,,0.777,0.0,,,0.603,0.099,0.047,0.0,0.155,,0.0,,
Bahrain,0.454,0.437,0.418,0.365,0.514,0.368,0.462,0.457,0.496,0.117,0.44,0.661,0.459,0.288,0.008,0.618,0.403,0.846,0.498,0.265,0.181,0.112,0.833,0.3,0.483,0.464,0.673,0.601,0.36,0.835,0.888,0.251,0.585,0.164,0.212,0.658,0.0,,0.463,0.09,0.437,1.0,0.0,1.0,0.0,0.338,,0.575,0.427,0.022,0.0,0.0,1.0,0.966,1.0,0.01
Bangladesh,0.65,0.489,0.519,0.573,0.544,0.662,0.363,0.425,0.555,0.062,0.531,0.207,0.482,0.304,0.352,0.211,0.783,0.802,0.979,0.223,0.26,0.658,0.871,0.445,0.403,0.204,0.337,0.389,0.026,0.854,0.342,0.463,0.669,0.912,1.0,0.667,0.193,0.523,0.989,0.627,0.434,0.547,0.379,0.506,0.038,0.275,0.664,0.38,0.165,0.001,0.406,0.302,0.293,0.914,0.99,0.425
Barbados,0.399,0.519,0.396,0.49,0.256,0.448,0.217,0.348,,-0.057,0.386,0.409,,0.358,,0.397,0.606,0.717,0.905,0.108,0.345,0.741,0.533,0.309,0.763,0.711,0.616,0.583,0.381,0.164,0.259,0.478,,0.0,0.303,0.658,0.028,,0.966,,,0.508,,0.133,0.0,0.226,,0.675,0.433,0.485,,0.181,0.75,0.0,,
Belarus,0.387,0.363,0.326,0.269,0.489,0.243,0.298,0.286,0.331,-0.091,0.332,0.594,0.824,0.0,0.226,0.271,0.238,0.619,0.122,0.055,0.159,0.217,0.962,0.1,0.443,0.371,0.323,0.293,0.069,0.794,0.783,0.498,0.656,0.136,0.061,0.658,0.011,0.023,0.961,0.267,0.437,,0.801,0.0,0.0,0.25,0.701,0.67,0.544,0.159,0.254,0.315,0.033,0.413,0.918,0.055
Belgium,0.278,0.318,0.34,0.138,0.478,0.211,0.467,0.346,0.347,0.019,0.327,0.503,0.553,0.334,0.018,0.527,0.267,0.211,0.0,0.148,0.142,0.02,0.52,0.0,0.675,0.766,0.771,0.769,0.082,0.766,0.98,0.559,0.262,0.22,0.03,0.658,0.0,0.0,0.677,0.114,0.439,0.63,0.933,0.331,0.0,,0.627,0.697,0.536,0.351,0.151,0.292,0.3,0.344,0.997,0.001
Belize,0.548,0.568,0.472,0.471,0.485,0.406,,0.409,0.347,-0.005,0.455,0.339,0.659,0.406,0.763,0.429,0.356,0.794,0.978,0.377,0.33,0.58,0.48,0.082,0.649,0.355,0.422,0.356,0.279,0.403,0.42,0.486,,0.837,0.303,0.657,0.031,0.159,0.879,,,0.624,,1.0,0.029,,0.239,0.453,0.153,0.016,0.305,0.204,0.006,0.298,0.924,
Benin,0.764,0.518,0.447,0.643,0.635,0.661,0.407,0.51,0.446,0.074,0.552,0.294,0.506,0.295,0.572,0.222,0.758,0.757,0.974,0.515,0.599,0.55,0.995,0.227,0.518,0.39,0.419,0.392,0.219,0.785,0.45,0.8,0.641,0.912,0.333,0.581,0.718,0.685,0.767,,0.437,0.106,0.463,0.438,0.592,,0.455,0.341,0.072,,0.26,0.352,0.011,0.61,1.0,
Bhutan,0.636,0.554,0.485,0.514,0.531,0.626,,0.297,0.352,0.063,0.515,0.518,0.718,0.0,1.0,0.194,0.471,0.939,0.799,0.221,0.214,0.614,0.968,0.268,0.737,0.782,0.432,0.634,0.056,0.91,0.386,0.378,0.792,0.663,1.0,0.684,0.184,,0.717,0.355,,,,0.0,0.0,0.613,0.507,0.474,0.153,0.006,0.169,0.292,0.004,0.0,1.0,0.649
"Bolivia, Plurinational State of",0.628,0.444,0.448,0.451,0.633,0.497,0.197,0.297,0.454,-0.016,0.446,0.287,0.529,0.0,0.842,0.0,0.389,0.903,0.908,0.297,0.117,0.318,0.974,0.091,0.515,0.226,0.276,0.28,0.263,0.674,0.682,0.557,0.731,0.891,0.364,0.657,0.101,0.47,0.439,0.481,0.434,,0.0,0.0,0.025,0.525,0.246,0.464,,0.024,0.579,0.227,0.006,0.471,0.987,
Bosnia and Herzegovina,0.47,0.477,0.357,0.417,0.418,0.356,0.17,0.22,0.251,-0.088,0.348,0.304,0.624,0.227,,0.29,0.494,0.749,0.699,0.042,0.244,0.545,0.865,0.105,0.504,0.277,0.469,0.454,0.074,0.753,0.455,0.482,0.662,0.08,0.061,0.658,0.049,0.04,0.879,0.61,0.598,0.002,0.248,0.001,0.0,,0.56,0.572,0.259,0.071,0.333,0.219,0.007,0.053,0.779,0.114
Botswana,0.614,0.338,0.356,0.493,0.539,0.483,0.305,0.322,0.353,-0.021,0.419,0.455,0.541,0.0,0.156,0.131,0.394,0.806,0.835,0.32,0.176,0.307,0.988,0.332,0.738,0.583,0.626,0.604,0.112,0.652,0.693,0.569,0.524,0.679,0.364,0.66,0.203,0.4,0.909,,0.437,,0.344,0.0,0.283,0.463,0.209,0.476,0.163,0.004,0.0,0.0,0.079,0.804,0.883,
Brazil,0.416,0.438,0.501,0.382,0.608,0.381,0.163,0.205,0.273,-0.066,0.374,0.299,0.529,1.0,0.332,0.0,0.284,0.482,0.953,0.176,0.08,0.137,0.863,0.082,0.486,0.315,0.483,0.454,0.274,0.699,0.863,0.408,0.531,0.872,0.303,0.655,0.005,0.15,0.651,0.524,0.429,0.039,0.0,0.135,0.0,0.375,0.254,0.554,0.361,0.116,0.696,0.262,0.01,0.345,0.18,0.146
Brunei Darussalam,0.534,0.411,0.405,0.411,0.542,0.347,0.349,0.264,0.288,0.104,0.391,0.597,0.329,0.394,0.09,0.336,0.432,0.883,0.965,0.242,0.109,0.231,0.784,0.132,0.771,0.712,0.702,0.684,0.633,0.661,0.769,0.359,0.651,0.178,0.0,0.658,0.0,,0.802,,0.437,0.083,0.0,1.0,0.0,0.575,,0.606,0.211,0.053,0.131,0.324,0.009,0.0,0.974,
Bulgaria,0.377,0.399,0.382,0.412,0.453,0.35,0.215,0.261,0.225,-0.061,0.342,0.436,0.706,0.678,0.162,0.203,0.223,0.421,0.851,0.0,0.169,0.258,0.909,0.286,0.649,0.371,0.594,0.5,0.098,0.725,0.742,0.567,0.574,0.014,0.061,0.658,0.073,,0.731,0.284,0.455,0.021,0.392,0.081,0.003,0.338,0.478,0.592,0.499,0.162,0.162,0.174,0.207,0.014,0.767,0.024
Burkina Faso,0.732,0.431,0.529,0.643,0.589,0.592,,0.325,0.429,0.055,0.537,0.264,0.553,0.0,0.321,0.198,0.757,0.757,0.992,0.603,0.181,0.741,0.993,0.35,0.288,0.411,0.412,0.423,0.218,0.771,0.259,0.824,0.659,0.8,0.333,0.741,0.65,0.268,0.909,,,,,0.0,0.819,0.28,0.5,0.31,0.062,0.001,0.352,0.726,0.056,0.074,0.936,
Burundi,0.778,0.561,0.522,0.668,0.647,0.742,,0.445,0.17,0.071,0.558,0.317,0.541,0.0,1.0,0.2,0.762,0.862,0.938,0.674,0.222,0.926,0.988,0.259,0.335,0.062,0.31,0.255,0.435,0.811,0.074,0.878,0.782,0.903,0.364,1.0,1.0,0.371,0.791,,,,,0.0,0.892,0.575,0.672,0.27,0.038,0.001,0.153,0.307,0.024,0.198,,
Cambodia,0.729,0.452,0.394,0.59,0.531,0.469,0.327,0.353,0.545,0.011,0.486,0.219,0.471,0.131,,0.201,0.656,0.802,0.955,0.29,0.082,0.812,0.96,0.441,0.547,0.154,0.377,0.332,0.176,0.619,0.188,0.527,0.733,0.945,0.091,0.656,0.24,0.401,0.991,,,0.175,0.553,0.121,0.137,0.65,0.672,0.414,0.085,0.0,0.479,0.29,0.015,0.747,1.0,0.74
Cameroon,0.69,0.432,0.462,0.566,0.659,0.587,0.177,0.31,0.342,-0.016,0.461,0.186,0.4,0.203,0.516,0.162,0.577,0.737,0.956,0.497,0.316,0.451,0.977,0.195,0.328,0.174,0.322,0.293,0.337,0.751,0.549,0.786,0.623,0.906,0.333,0.862,0.426,0.33,0.513,,0.387,0.005,0.0,0.138,0.356,,0.478,0.382,0.093,,0.537,0.281,0.003,0.036,0.854,
Canada,0.277,0.39,0.433,0.239,0.52,0.227,0.15,0.155,0.203,-0.04,0.288,0.577,0.671,1.0,0.094,0.0,0.201,0.377,0.0,0.197,0.133,0.198,0.907,0.0,0.731,0.804,0.825,0.829,0.062,0.816,0.802,0.512,0.321,0.606,0.03,0.658,0.0,0.0,0.182,0.16,0.428,0.161,0.0,0.087,0.0,0.226,0.53,0.699,0.526,0.55,0.827,0.352,0.011,0.018,0.0,0.01
Cape Verde,0.638,0.455,0.385,0.541,0.359,0.596,0.345,0.304,0.268,-0.041,0.427,0.459,,0.487,0.046,0.26,0.646,0.834,0.769,0.247,0.347,0.355,0.988,,0.725,0.663,0.559,0.578,0.382,0.0,0.645,0.457,,0.312,0.333,0.657,0.469,,0.742,,,0.594,,0.39,0.059,0.338,0.433,0.463,0.155,0.008,,0.0,0.072,0.0,1.0,
Central African Republic,0.821,0.5,0.495,0.578,0.709,0.793,,0.444,0.342,0.098,0.584,0.053,0.435,0.0,1.0,0.0,0.72,0.842,0.963,0.395,0.258,0.618,0.999,0.236,0.208,0.143,0.209,0.182,0.528,0.693,0.382,0.926,0.787,0.94,0.364,0.825,1.0,0.695,0.81,0.883,,,,0.0,0.854,,0.254,0.252,0.018,,0.481,0.269,0.0,0.0,,0.961
Chad,0.874,0.589,0.541,0.711,0.637,0.807,,0.526,0.515,0.167,0.652,0.106,0.518,0.0,1.0,0.181,0.836,1.0,0.929,0.669,0.384,0.821,0.996,0.464,0.34,0.085,0.276,0.249,0.135,0.935,0.179,0.901,0.674,0.998,0.333,1.0,0.768,0.827,0.973,0.918,,,,0.0,0.898,,0.366,0.3,0.02,,0.464,0.424,0.05,0.672,,0.967
Chile,0.369,0.41,0.384,0.178,0.535,0.32,0.247,0.235,0.286,-0.073,0.33,0.545,0.565,0.709,0.19,0.237,0.3,0.461,0.181,0.2,0.177,0.131,0.379,0.0,0.581,0.651,0.694,0.689,0.19,0.491,0.869,0.434,0.459,0.768,0.303,0.658,0.0,0.0,0.985,0.219,0.434,0.08,0.649,0.058,0.0,0.263,0.336,0.587,0.607,0.09,0.539,0.261,0.034,0.041,0.828,0.013
China,0.439,0.516,0.448,0.389,0.436,0.374,0.206,0.268,0.401,-0.043,0.387,0.595,0.624,0.703,0.346,0.345,0.469,0.611,0.796,0.113,0.124,0.404,0.812,0.086,0.487,0.437,0.443,0.516,0.074,0.836,0.596,0.426,0.321,0.366,0.091,0.658,0.0,,0.949,0.31,0.433,0.092,0.225,0.295,0.0,0.188,0.351,0.608,0.421,1.0,0.666,0.296,0.173,0.01,0.86,
Colombia,0.547,0.46,0.501,0.415,0.618,0.464,0.148,0.193,0.378,-0.024,0.414,0.389,0.518,0.943,0.233,0.094,0.324,0.648,0.95,0.178,0.215,0.197,0.875,0.073,0.413,0.346,0.548,0.42,0.381,0.649,0.803,0.413,0.597,0.863,0.303,0.665,0.019,0.098,0.964,0.835,0.429,0.055,0.0,0.141,0.0,0.263,0.246,0.524,0.359,0.034,0.635,0.311,0.011,0.091,0.945,0.276
Comoros,0.651,0.482,0.471,0.676,0.45,0.619,0.378,0.365,,0.043,0.521,0.358,,0.358,0.252,0.231,0.683,0.887,0.9,0.451,0.439,0.759,0.999,0.509,0.531,0.129,0.258,0.268,0.322,0.48,0.241,0.722,0.705,0.232,0.333,0.658,0.474,0.692,0.866,,,0.409,,0.194,0.134,0.775,0.194,0.325,0.058,,,0.326,0.007,0.0,,
Congo,0.743,0.505,0.487,0.621,0.786,0.561,0.193,0.407,0.486,0.047,0.525,0.139,0.482,0.213,0.988,0.0,0.544,0.802,0.945,0.563,0.504,0.342,0.998,0.373,0.466,0.109,0.236,0.286,1.0,0.611,0.658,0.76,0.751,0.936,0.364,0.637,0.393,0.446,0.939,,0.395,0.001,0.0,0.057,0.51,,0.418,0.278,0.083,,0.401,0.228,0.0,0.733,1.0,0.554
"Congo, the Democratic Republic o",0.844,0.511,0.494,0.591,0.715,0.833,0.238,0.385,0.495,0.078,0.564,0.234,0.494,0.177,,0.106,0.779,1.0,0.947,,0.145,0.579,0.994,0.291,,,,,0.588,0.657,0.421,0.896,0.738,0.99,0.364,1.0,1.0,0.791,0.926,0.892,0.369,0.001,0.0,0.001,0.817,,0.41,0.3,0.045,0.004,0.592,0.25,0.0,0.299,1.0,0.829
Costa Rica,0.437,0.451,0.451,0.304,0.567,0.41,0.187,0.228,0.313,-0.048,0.372,0.428,0.459,0.809,0.249,0.237,0.269,0.684,0.95,0.2,0.207,0.2,0.184,0.082,0.72,0.539,0.595,0.598,0.317,0.463,0.8,0.432,0.644,0.746,0.303,0.658,0.005,0.036,0.745,0.713,0.425,0.073,0.426,0.121,0.001,0.076,0.313,0.559,0.381,0.011,0.494,0.261,0.024,0.0,0.902,0.199
Cote d'Ivoire,0.687,0.502,0.451,0.601,0.589,0.606,0.259,0.347,0.367,0.016,0.487,0.323,0.494,0.312,0.506,0.161,0.539,1.0,0.978,0.505,0.341,0.515,0.989,0.277,0.406,0.34,0.454,0.384,0.086,0.731,0.485,0.763,0.541,0.928,0.364,0.674,0.485,0.537,0.424,,,0.026,0.076,0.197,0.306,0.688,0.388,0.375,0.064,0.005,0.528,0.262,0.013,0.087,0.649,0.663
Croatia,0.413,0.336,0.403,0.491,0.454,0.334,0.291,0.317,0.376,-0.003,0.38,0.441,0.576,0.484,0.045,0.243,0.175,0.49,0.814,0.029,0.199,0.454,0.962,,0.692,0.439,0.604,0.568,0.298,0.72,0.546,0.559,0.51,0.09,0.03,0.658,0.0,,0.743,0.329,0.673,0.079,0.521,0.261,0.0,0.213,0.597,0.605,0.451,0.136,0.244,0.233,0.015,0.643,0.942,0.183
Cuba,0.514,0.547,0.497,0.406,0.567,0.311,0.351,0.26,0.386,,0.428,,0.6,0.616,,0.239,0.282,1.0,0.96,0.08,0.185,0.245,0.874,0.091,0.643,0.423,0.219,0.43,0.3,0.634,0.755,0.442,0.759,0.514,0.03,0.658,0.002,0.106,0.528,0.647,0.437,0.754,0.578,0.151,0.0,0.188,,0.462,0.355,0.014,0.755,0.144,0.156,0.0,0.876,
Cyprus,0.415,0.376,0.341,0.328,0.411,0.335,0.374,0.334,0.334,0.006,0.36,0.507,0.459,0.565,0.07,0.389,0.266,0.51,0.271,0.195,0.238,0.357,0.577,,0.646,0.516,0.675,0.634,0.095,0.425,0.643,0.417,0.541,0.345,0.03,0.658,0.009,,0.328,0.234,0.437,0.189,1.0,0.244,0.0,,,0.684,0.615,0.008,0.62,0.147,0.302,0.0,0.931,0.002
Czech Republic,0.323,0.284,0.273,0.222,0.417,0.228,0.226,0.212,0.233,-0.081,0.268,0.462,0.612,0.0,0.049,0.374,0.206,0.461,0.0,0.085,0.082,0.278,0.885,0.0,0.735,0.573,0.772,0.73,0.044,0.772,0.722,0.568,0.395,0.0,0.03,0.658,0.0,0.0,0.968,0.151,0.445,,0.386,0.0,0.0,0.3,0.694,0.631,0.45,0.295,0.14,0.221,0.089,0.0,0.926,0.022
Denmark,0.264,0.238,0.441,0.216,0.465,0.206,0.534,0.294,0.384,0.049,0.341,0.741,0.447,0.371,0.031,0.354,0.145,0.081,0.0,0.141,0.197,0.127,0.832,0.0,0.733,0.969,0.863,0.889,0.303,0.777,0.873,0.567,0.267,0.0,0.03,0.658,0.0,0.0,0.742,0.083,0.436,1.0,0.475,0.759,0.0,,0.679,0.701,0.548,1.0,0.761,0.37,0.139,0.0,0.999,0.033
Djibouti,0.642,0.537,0.413,0.442,0.609,0.811,0.412,0.42,0.014,-0.002,0.471,0.407,0.612,0.191,,0.281,0.736,0.866,0.513,0.25,0.466,0.235,0.731,0.459,0.448,0.245,0.333,0.311,0.374,0.859,0.765,0.538,0.567,0.554,0.667,1.0,0.777,,0.468,0.643,,0.079,,0.669,0.386,0.513,0.448,0.418,0.034,0.005,0.0,0.0,0.054,0.0,,
Dominica,,0.43,0.369,0.541,0.337,0.494,,0.345,,-0.002,0.45,0.397,,0.356,0.284,0.258,0.36,0.891,0.917,0.124,0.395,0.308,0.963,,0.809,0.558,0.561,0.65,0.337,0.087,0.692,0.384,,0.182,0.303,0.658,0.272,,0.897,,,0.326,,0.777,0.0,,,0.55,,,,0.209,0.086,0.0,,
Dominican Republic,0.544,0.437,0.447,0.42,0.571,0.4,0.331,0.296,0.36,-0.007,0.42,0.288,0.718,0.461,0.133,0.246,0.332,0.733,0.939,0.221,0.261,0.181,0.816,0.1,0.594,0.294,0.522,0.49,0.518,0.38,0.819,0.519,0.677,0.514,0.303,0.659,0.029,0.114,0.884,,0.435,0.142,0.875,0.111,0.0,0.425,0.373,0.522,0.405,0.004,0.411,0.179,0.26,0.0,0.948,
Ecuador,0.516,0.564,0.532,0.424,0.669,0.506,0.201,0.306,0.343,-0.002,0.451,0.333,0.541,0.858,0.762,0.173,0.449,0.599,0.867,0.281,0.194,0.384,0.649,0.168,0.524,0.293,0.365,0.442,0.694,0.764,0.616,0.499,0.585,0.859,0.364,0.659,0.006,0.583,0.831,0.596,0.432,0.112,0.0,0.436,0.012,0.213,0.321,0.515,0.348,0.009,0.487,0.322,0.019,0.0,0.891,0.34
Egypt,0.436,0.394,0.36,0.508,0.338,0.436,0.329,0.457,0.515,-0.03,0.42,0.306,0.412,0.526,0.261,0.266,0.451,0.445,0.706,0.366,0.312,0.616,0.62,0.432,0.394,0.268,0.404,0.461,0.075,0.33,0.384,0.602,0.559,0.079,0.667,0.658,0.04,0.009,0.906,0.337,0.449,0.134,0.028,0.987,0.0,0.375,0.694,0.489,0.257,0.043,0.0,0.0,1.0,0.983,0.591,
El Salvador,0.543,0.519,0.469,0.423,0.526,0.395,0.263,0.276,0.401,-0.038,0.421,0.341,0.647,0.861,0.154,0.265,0.429,0.757,0.981,0.124,0.263,0.279,0.797,0.095,0.534,0.303,0.437,0.342,0.354,0.4,0.721,0.504,0.705,0.473,0.303,0.658,0.016,0.166,0.948,,0.431,0.146,0.463,0.052,0.0,0.488,0.425,0.47,0.197,0.003,0.497,0.229,0.021,0.405,0.851,
Equatorial Guinea,,0.419,0.445,0.581,0.637,0.521,0.175,0.245,0.143,-0.027,0.413,0.291,0.459,0.323,,0.108,0.409,0.797,0.94,0.552,,0.285,0.988,0.141,0.521,0.065,0.165,0.274,0.194,0.773,0.715,0.705,0.8,,0.333,0.723,0.052,,0.619,,,0.024,0.0,0.342,0.336,,,0.368,0.011,,0.289,0.283,0.0,0.0,,
Eritrea,0.829,0.563,0.459,0.763,0.645,0.759,0.435,0.555,0.465,0.121,0.605,0.302,0.694,0.231,,0.102,0.851,0.935,0.807,,0.728,0.625,0.994,0.664,0.397,0.141,0.055,0.2,0.349,0.8,0.375,0.753,0.805,0.786,0.364,0.723,1.0,,0.637,,,0.091,0.232,0.935,0.483,,,0.301,0.021,,0.0,0.534,0.178,0.617,0.997,
Estonia,0.444,0.501,0.379,0.242,0.598,0.238,0.17,0.195,0.291,-0.02,0.34,0.649,0.894,0.583,,0.109,0.153,0.765,0.0,0.048,0.144,0.33,0.931,0.0,0.7,0.778,0.814,0.789,0.163,0.866,0.67,0.577,0.487,0.825,0.061,0.658,0.001,0.0,0.97,0.071,0.438,0.164,0.088,0.158,0.0,,0.537,0.665,0.491,0.074,0.237,0.434,0.057,0.007,0.966,0.043
Ethiopia,0.745,0.487,0.511,0.647,0.589,0.823,0.229,0.408,0.506,0.065,0.547,0.336,0.506,0.0,0.676,0.21,0.729,0.802,0.869,0.463,0.447,0.839,0.957,0.309,0.214,0.334,0.321,0.39,0.313,0.716,0.161,0.735,0.739,0.87,0.364,1.0,1.0,0.649,0.026,0.953,0.256,,0.108,0.0,0.494,0.288,0.597,0.292,0.068,0.0,0.751,0.382,0.074,0.0,0.932,0.895
Fiji,0.598,0.576,0.46,0.49,0.545,0.357,0.455,0.345,0.305,0.0,0.455,0.425,,0.805,0.542,0.202,0.332,1.0,0.904,0.138,0.318,0.455,0.842,0.286,0.685,0.534,0.504,0.57,0.219,0.803,0.545,0.522,0.667,0.514,0.091,0.658,0.114,0.095,0.828,,,0.272,,1.0,0.0,0.55,0.463,0.491,0.354,,,0.254,0.002,0.0,0.963,
Finland,0.187,0.362,0.443,0.241,0.506,0.146,0.214,0.214,0.184,-0.045,0.276,0.654,0.824,1.0,0.069,0.0,0.125,0.154,,0.122,0.109,0.155,0.82,0.0,0.739,0.947,0.881,0.913,0.148,0.829,0.845,0.615,0.256,0.345,0.03,0.658,0.0,0.0,0.457,0.162,0.329,0.052,0.442,0.275,0.0,0.188,0.687,0.629,0.629,1.0,0.516,0.367,0.024,0.027,0.164,0.004
France,0.249,0.283,0.397,0.305,0.409,0.273,0.248,0.263,0.301,-0.03,0.303,0.572,0.671,0.543,0.03,0.298,0.159,0.0,0.676,0.14,0.15,0.202,0.663,0.0,0.634,0.726,0.75,0.762,0.113,0.66,0.798,0.624,0.256,0.0,0.03,0.658,,0.0,0.891,0.219,0.477,0.122,0.502,0.126,0.0,0.263,0.582,0.746,0.459,0.887,0.414,0.256,0.112,0.052,0.962,0.008
Gabon,0.656,0.363,0.463,0.479,0.747,0.549,0.216,0.302,0.344,0.007,0.45,0.188,0.482,0.251,0.264,0.0,0.439,0.741,0.949,0.422,0.269,0.103,0.974,0.155,0.555,0.229,0.345,0.372,0.563,0.723,0.897,0.665,0.746,0.887,0.333,0.674,0.386,0.447,0.903,,0.406,0.016,0.0,0.575,0.085,,0.44,0.447,0.139,,0.448,0.283,0.001,0.012,0.975,
Gambia,0.689,0.483,0.474,0.609,0.629,0.541,,0.411,0.368,0.043,0.526,0.301,0.565,0.285,0.438,0.213,0.644,0.753,1.0,0.665,0.365,0.396,0.994,0.232,0.6,0.343,0.332,0.433,0.319,0.413,0.604,0.807,0.815,0.814,0.333,0.442,0.388,0.392,0.573,0.726,,0.577,,0.26,0.381,,0.358,0.341,0.017,,0.071,0.547,0.029,0.625,,0.566
Georgia,0.492,0.491,0.406,0.304,0.532,0.38,0.4,0.302,0.292,-0.037,0.4,0.737,0.682,0.5,0.253,0.243,0.471,0.793,0.759,0.032,0.198,0.432,0.377,0.027,0.497,0.583,0.715,0.543,0.065,0.701,0.568,0.547,0.672,0.641,0.061,0.658,0.202,0.071,0.617,0.67,0.779,0.116,0.769,0.233,0.0,0.5,0.396,0.568,0.48,0.102,0.292,0.224,0.024,0.082,0.787,0.344
Germany,0.222,0.279,0.347,0.182,0.379,0.209,0.296,0.301,0.379,-0.023,0.287,0.569,0.6,0.445,0.02,0.363,0.212,0.036,0.0,0.073,0.118,0.242,0.661,0.0,0.7,0.842,0.828,0.825,0.048,0.737,0.758,0.557,0.162,0.009,0.03,0.658,,0.0,0.865,0.029,0.451,0.334,0.635,0.12,0.0,0.238,0.619,0.725,0.483,1.0,0.492,0.293,0.196,0.305,0.988,0.0
Ghana,0.568,0.476,0.444,0.571,0.648,0.525,0.181,0.338,0.298,-0.021,0.45,0.321,0.565,0.317,0.581,0.223,0.553,0.619,0.974,0.427,0.273,0.453,0.993,0.309,0.581,0.401,0.465,0.493,0.416,0.71,0.547,0.676,0.656,0.881,0.333,0.397,0.329,0.338,0.974,0.885,0.43,0.074,0.0,0.129,0.143,0.313,0.388,0.428,0.123,0.002,0.449,0.24,0.041,0.461,0.0,0.6
Greece,0.259,0.338,0.425,0.296,0.481,0.236,0.358,0.303,0.264,-0.064,0.329,0.453,0.565,0.639,0.04,0.349,0.191,0.243,0.817,0.049,0.179,0.215,0.516,0.0,0.597,0.473,0.592,0.578,0.282,0.699,0.785,0.571,0.469,0.081,0.03,0.658,0.005,0.0,0.965,0.085,0.479,0.303,0.879,0.309,0.0,0.176,0.485,0.687,1.0,0.176,0.402,0.172,0.149,0.152,0.706,0.0
Grenada,0.519,0.363,0.382,0.552,0.357,0.427,0.34,0.259,0.253,-0.061,0.382,0.371,,0.238,0.055,0.208,0.494,0.822,0.954,0.126,0.38,0.682,0.617,,0.749,0.545,0.563,0.609,0.384,0.186,0.318,0.504,,0.393,0.303,0.658,0.024,,0.967,,,0.517,,0.354,0.065,0.425,,0.577,0.693,0.076,,0.071,0.06,0.0,1.0,0.132
Guatemala,0.504,0.604,0.479,0.423,0.521,0.464,0.208,0.317,0.375,-0.027,0.432,0.372,0.553,1.0,0.781,0.232,0.408,0.652,0.941,0.381,0.246,0.515,0.417,0.036,0.502,0.155,0.442,0.294,0.251,0.512,0.485,0.602,0.718,0.556,0.364,0.663,0.035,0.379,0.977,,0.431,0.027,0.348,0.012,0.03,0.4,0.291,0.414,0.146,0.002,0.41,0.219,0.026,0.146,0.994,0.452
Guinea,0.784,0.48,0.436,0.67,0.657,0.602,,0.399,0.325,0.066,0.547,0.308,0.471,0.309,0.567,0.171,0.6,0.761,0.972,0.539,0.421,0.676,0.991,0.418,0.403,0.196,0.314,0.287,0.331,0.71,0.324,0.788,0.882,0.909,0.333,0.4,0.806,0.495,0.639,,,0.071,,0.142,0.559,,0.567,0.342,0.043,,0.362,0.293,0.003,0.0,0.965,
Guinea-Bissau,0.825,0.615,0.505,0.697,0.598,0.779,0.579,0.538,0.488,0.143,0.626,0.242,0.506,0.371,1.0,0.116,0.697,1.0,0.973,0.458,0.811,0.597,0.988,0.355,0.522,0.126,0.255,0.226,0.331,0.557,0.403,0.742,0.826,0.727,0.333,1.0,0.86,0.614,0.723,0.897,,0.37,,0.274,0.674,1.0,0.545,0.344,0.016,,0.339,0.317,0.009,0.49,1.0,0.775
Guyana,0.615,0.509,0.404,0.515,0.554,0.379,0.313,0.33,0.265,0.007,0.422,0.283,0.576,0.338,1.0,0.0,0.388,0.749,0.956,0.135,0.139,0.788,0.781,0.291,0.545,0.387,0.402,0.431,0.37,0.53,0.212,0.528,0.746,0.938,0.303,0.592,0.055,0.123,0.877,,,0.176,0.0,1.0,0.075,,0.336,0.536,0.076,0.012,0.303,0.164,0.005,0.111,0.744,
Haiti,0.744,0.491,0.441,0.564,0.607,0.694,0.377,0.377,0.349,0.034,0.514,0.248,0.529,0.407,0.248,0.206,0.763,0.789,0.955,0.245,,0.453,0.998,0.168,0.381,0.098,0.243,0.263,0.518,0.446,0.547,0.578,0.785,0.766,0.364,0.631,1.0,0.493,0.823,,0.434,0.179,0.206,0.246,0.536,0.663,0.179,0.354,,0.001,0.385,0.2,0.095,0.072,0.994,
Honduras,0.597,0.553,0.445,0.5,0.557,0.489,0.309,0.343,0.316,-0.017,0.454,0.253,0.588,0.395,0.978,0.174,0.408,0.773,0.964,0.27,0.302,0.442,0.936,0.086,0.465,0.179,0.401,0.298,0.337,0.464,0.558,0.525,0.649,0.806,0.303,0.662,0.178,0.318,0.958,0.514,0.431,0.238,0.496,0.11,0.069,0.513,0.194,0.398,0.168,0.004,0.45,0.244,0.015,0.016,0.854,
Hungary,0.364,0.264,0.349,0.342,0.514,0.245,0.203,0.343,0.519,-0.029,0.348,0.447,0.659,0.0,0.062,0.256,0.207,0.401,0.761,0.043,0.086,0.299,0.865,0.0,0.718,0.433,0.603,0.613,0.067,0.714,0.701,0.53,0.444,0.626,0.061,0.658,0.0,0.0,0.653,0.125,0.439,,0.572,0.0,0.0,0.005,0.619,0.659,0.365,0.206,0.201,0.235,0.667,0.942,0.993,0.076
Iceland,0.249,0.492,0.448,0.213,0.539,0.183,0.225,0.226,0.196,-0.004,0.308,0.701,0.812,1.0,0.028,,0.128,0.494,,0.177,0.175,0.065,0.647,0.0,0.806,0.837,0.809,0.854,0.067,0.673,0.935,0.495,0.464,0.598,0.03,0.658,0.0,0.0,0.98,0.167,0.119,0.221,0.1,0.683,0.0,,0.716,0.698,0.558,0.564,0.86,0.313,0.001,0.0,0.0,0.0
India,0.601,0.548,0.572,0.601,0.46,0.63,0.225,0.328,0.523,0.031,0.498,0.392,0.647,0.767,0.463,0.227,0.624,0.563,0.908,0.234,0.074,0.696,0.906,0.786,0.464,0.357,0.489,0.493,0.098,0.889,0.304,0.468,0.536,0.466,1.0,0.786,0.035,0.495,0.624,0.553,0.421,0.135,0.37,0.114,0.01,0.3,0.634,0.381,0.206,0.078,0.648,0.324,0.384,0.305,0.955,
Indonesia,0.574,0.468,0.518,0.547,0.536,0.404,0.256,0.255,0.43,-0.009,0.44,0.401,0.435,0.676,0.362,0.21,0.459,0.664,0.963,0.221,0.179,0.46,0.997,0.464,0.483,0.327,0.564,0.465,0.545,0.694,0.54,0.462,0.541,0.433,0.303,0.665,0.018,0.196,0.837,,0.414,0.22,0.0,0.533,0.031,0.338,0.567,0.433,0.24,0.023,0.773,0.306,0.094,0.0,0.978,
"Iran, Islamic Republic of",0.498,0.474,0.347,0.443,0.456,0.435,0.164,0.287,0.304,-0.059,0.379,0.394,0.565,0.361,0.245,0.326,0.453,0.895,0.708,0.197,0.405,0.255,0.899,0.195,0.291,0.173,0.183,0.323,0.121,0.604,0.745,0.435,0.572,0.259,0.212,0.659,0.0,,0.913,,0.459,0.071,0.0,0.056,0.0,0.4,0.478,0.545,0.385,0.613,0.0,0.206,0.62,0.068,0.868,0.062
Iraq,0.491,0.541,0.437,0.457,0.51,0.55,0.207,0.407,0.38,-0.018,0.441,0.396,0.624,0.323,,0.274,0.485,1.0,0.656,0.602,0.109,0.311,0.926,0.136,0.158,0.138,0.284,0.169,0.134,0.621,0.689,0.696,0.762,0.158,0.667,0.658,0.013,0.498,0.405,0.584,0.471,0.286,0.0,0.277,0.0,,0.657,0.445,0.106,0.07,0.0,0.199,1.0,0.608,0.061,0.413
Ireland,0.229,0.353,0.411,0.139,0.404,0.254,0.287,0.272,0.349,0.131,0.298,0.564,0.541,0.711,0.038,0.306,0.18,0.34,,0.177,0.13,0.389,0.0,0.0,0.717,0.804,0.814,0.81,0.113,0.737,0.611,0.525,0.438,0.0,0.03,0.658,,0.0,0.87,0.175,0.424,0.104,0.74,0.169,0.0,,0.567,0.664,0.494,0.071,0.723,0.301,0.027,0.058,0.956,0.027
Israel,0.241,0.377,0.284,0.208,0.416,0.242,0.248,0.382,0.342,-0.051,0.305,0.456,0.435,0.458,0.029,0.436,0.294,0.611,0.351,0.32,0.144,0.079,0.354,0.0,0.387,0.622,0.744,0.694,0.077,0.408,0.921,0.66,0.428,0.0,0.03,0.658,0.042,0.0,0.881,0.051,0.437,0.105,0.594,0.103,0.0,,0.343,0.654,0.404,0.837,0.0,0.126,1.0,0.579,,0.007
Italy,0.241,0.336,0.441,0.309,0.395,0.273,0.337,0.298,0.306,-0.021,0.326,0.406,0.682,0.673,0.029,0.38,0.209,0.044,0.839,0.092,0.15,0.309,0.465,0.0,0.669,0.55,0.613,0.562,0.174,0.648,0.691,0.565,0.295,0.0,0.03,0.658,,0.0,0.244,0.043,0.517,0.351,0.726,0.231,0.0,0.201,0.455,0.615,0.46,0.795,0.396,0.234,0.158,0.046,0.959,0.043
Jamaica,0.516,0.391,0.448,0.467,0.465,0.491,0.434,0.341,0.331,-0.027,0.43,0.427,0.447,0.521,0.114,0.252,0.309,0.705,0.946,0.106,0.331,0.467,0.804,0.145,0.608,0.418,0.544,0.476,0.406,0.554,0.533,0.343,0.687,0.269,0.303,0.658,0.055,,0.669,,0.436,0.329,1.0,0.553,0.0,0.288,0.403,0.543,0.179,0.017,,0.217,0.107,0.0,1.0,
Japan,0.276,0.47,0.52,0.245,0.528,0.221,0.426,0.338,0.378,0.018,0.378,0.625,0.659,1.0,0.008,0.41,0.261,0.482,0.798,0.047,0.146,0.088,0.393,0.0,0.747,0.785,0.777,0.819,0.365,0.763,0.912,0.696,0.192,0.241,0.0,0.658,0.0,0.0,0.632,0.19,0.435,0.35,0.894,0.752,0.0,0.126,0.552,0.675,0.428,1.0,0.868,0.29,0.156,0.0,0.938,0.015
Jordan,0.421,0.325,0.289,0.37,0.424,0.362,0.321,0.399,0.413,-0.089,0.369,0.381,0.447,0.048,0.106,0.274,0.373,0.704,0.752,0.353,0.332,0.09,0.668,0.027,0.522,0.437,0.535,0.551,0.078,0.408,0.91,0.565,0.585,0.0,0.212,0.658,0.168,0.169,0.949,0.181,0.438,0.0,0.897,0.003,0.001,0.588,0.612,0.493,0.221,0.015,0.0,0.068,1.0,0.272,0.993,0.146
Kazakhstan,0.376,0.423,0.351,0.423,0.452,0.265,0.148,0.251,0.222,-0.079,0.322,0.61,0.659,0.0,,0.261,0.359,0.838,0.574,0.223,0.16,0.455,0.985,0.141,0.526,0.371,0.523,0.413,0.034,0.796,0.545,0.594,0.628,0.114,0.061,0.658,0.006,0.008,0.785,,0.364,,0.0,0.0,0.0,0.375,0.709,0.561,0.468,0.201,0.0,0.49,0.327,0.406,0.0,0.109
Kenya,0.652,0.47,0.508,0.593,0.571,0.694,0.218,0.379,0.516,0.037,0.51,0.337,0.565,0.283,0.532,0.214,0.505,0.725,0.864,0.508,0.25,0.771,0.977,0.191,0.382,0.261,0.416,0.432,0.279,0.663,0.229,0.688,0.628,0.938,0.364,1.0,0.64,0.513,0.48,,0.356,0.019,0.193,0.025,0.289,0.425,0.358,0.333,0.065,0.031,0.604,0.596,0.167,0.326,0.885,
Kiribati,,,0.618,0.488,0.568,0.595,,,,,,0.307,,1.0,,,0.532,0.951,0.781,0.331,0.698,0.471,,0.159,0.774,0.49,0.409,0.684,0.11,0.977,0.529,0.655,,,0.091,0.658,0.62,,0.591,0.749,,1.0,,1.0,0.081,,,0.369,,,,,,0.0,,0.873
"Korea, Democratic People's Repub",0.632,0.73,0.542,0.392,0.593,,0.272,0.28,0.362,,0.47,,0.8,0.902,,0.218,,1.0,0.668,0.139,,0.403,0.637,0.114,0.492,0.056,0.044,0.189,0.104,0.869,0.597,0.413,,0.98,1.0,0.721,,,0.955,,0.422,0.088,0.071,0.295,0.482,,,0.286,0.177,1.0,0.476,0.313,0.111,0.132,0.795,0.344
"Korea, Republic of",0.328,0.589,0.494,0.248,0.45,0.228,0.309,0.288,0.398,0.024,0.37,0.696,0.729,0.884,0.022,0.503,0.395,1.0,0.822,0.121,0.092,0.2,0.252,0.0,0.684,0.6,0.723,0.73,0.176,0.835,0.8,0.368,0.326,0.198,0.091,0.66,0.0,0.0,0.719,0.001,0.437,0.16,0.889,0.129,0.0,0.238,,0.739,0.679,1.0,0.727,0.286,0.386,0.07,0.909,0.008
Kuwait,0.347,0.44,0.397,0.368,0.483,0.304,0.288,0.347,0.25,0.008,0.356,0.546,0.459,0.309,0.007,0.6,0.479,0.785,0.582,0.45,0.28,0.0,0.785,0.114,0.621,0.417,0.539,0.56,0.262,0.684,1.0,0.294,0.508,0.151,0.212,0.658,0.0,,0.959,0.0,0.437,0.717,0.0,0.287,0.0,,,0.529,0.404,0.001,0.0,0.0,,1.0,,0.0
Kyrgyzstan,0.392,0.482,0.326,0.378,0.408,0.311,0.213,0.294,0.195,-0.142,0.331,0.489,0.824,0.0,0.574,0.203,0.361,0.927,0.092,0.276,0.24,0.677,0.89,0.091,0.497,0.166,0.39,0.298,0.085,0.649,0.323,0.628,0.672,0.091,0.061,0.658,0.328,0.025,0.857,0.077,,,0.389,0.0,0.0,0.463,0.575,0.474,0.354,0.045,0.261,0.354,0.135,0.011,0.101,0.306
Lao People's Democratic Republic,0.67,0.555,0.394,0.574,0.514,0.492,0.191,0.351,0.436,-0.003,0.46,0.336,0.471,0.0,1.0,0.192,0.669,1.0,0.946,0.309,0.253,0.68,0.849,0.409,0.695,0.186,0.329,0.383,0.049,0.648,0.32,0.541,0.656,0.87,0.091,0.75,0.55,0.22,0.75,0.395,,,0.0,0.0,0.0,0.763,0.567,0.441,0.085,0.001,0.4,0.274,0.033,0.429,0.637,0.843
Latvia,0.411,0.434,0.374,0.245,0.557,0.269,0.345,0.302,0.338,-0.02,0.365,0.593,0.941,0.541,0.126,0.085,0.192,0.721,0.0,0.012,0.229,0.34,0.891,0.0,0.688,0.597,0.747,0.702,0.207,0.813,0.66,0.588,0.518,,0.061,0.658,0.006,0.0,0.616,0.169,0.583,0.081,0.445,0.618,0.0,,0.463,0.603,0.626,0.23,0.191,0.405,0.009,0.515,0.867,0.038
Lebanon,0.526,0.465,0.332,0.336,0.477,0.444,0.342,0.34,0.354,-0.043,0.403,0.286,0.482,0.42,,0.336,0.415,0.672,0.614,0.226,0.259,0.118,0.497,0.3,0.313,0.142,0.33,0.298,0.082,0.55,0.882,0.588,0.605,0.152,0.212,0.658,0.03,0.045,0.649,0.855,0.459,0.018,0.974,0.178,0.0,0.425,,0.524,,0.081,0.111,0.154,0.323,0.008,0.992,0.535
Lesotho,0.696,0.431,0.365,0.5,0.531,0.614,,0.315,0.28,-0.011,0.471,0.338,0.8,0.0,0.033,0.226,0.711,0.818,0.577,0.246,0.326,0.76,0.993,0.095,0.532,0.353,0.359,0.428,0.107,0.616,0.24,0.614,0.779,0.827,0.364,0.658,1.0,0.258,0.947,0.535,,,,0.0,0.532,0.8,0.209,0.377,0.066,0.002,0.0,0.28,0.007,0.0,0.666,0.728
Liberia,0.78,0.548,0.488,0.627,0.688,0.745,,0.534,0.399,0.117,0.601,0.215,0.365,0.361,1.0,0.085,0.761,0.717,0.963,0.51,,0.511,0.994,0.155,0.528,0.214,0.316,0.327,0.361,0.769,0.489,0.767,0.792,0.948,0.333,0.817,1.0,0.645,0.862,,,0.02,,0.709,0.732,,0.478,0.309,0.078,,0.594,0.276,0.0,0.138,0.988,
Libyan Arab Jamahiriya,0.661,0.554,0.286,0.46,0.452,0.473,0.189,0.359,0.397,0.005,0.421,0.468,0.471,0.684,,0.335,0.494,0.789,0.599,0.207,0.341,0.205,0.943,0.464,0.163,0.065,0.118,0.158,0.051,0.23,0.795,0.498,0.705,0.433,0.212,0.658,0.001,,0.93,0.801,,0.037,0.0,0.413,0.306,,,0.332,0.4,0.012,0.0,0.0,1.0,0.0,0.986,
Liechtenstein,,,0.255,,0.324,,,,,,,0.575,0.459,0.0,,,,0.745,0.0,0.167,,0.922,,,0.851,0.816,0.809,0.851,0.078,0.651,0.078,0.491,,,0.03,0.658,,,0.69,0.013,,,,0.0,0.0,,,0.727,0.281,,,,,,,0.0
Lithuania,0.478,0.458,0.365,0.289,0.585,0.268,0.283,0.302,0.335,0.013,0.37,0.656,1.0,0.44,0.088,0.254,0.195,0.773,0.0,0.015,0.175,0.342,0.913,,0.71,0.621,0.758,0.727,0.236,0.781,0.658,0.551,0.582,0.705,0.061,0.658,0.02,,0.865,0.062,0.472,0.097,0.755,0.093,0.0,,0.522,0.604,0.468,0.16,0.233,0.385,0.014,0.369,0.955,0.052
Luxembourg,0.252,0.33,0.282,0.164,0.407,0.203,0.363,0.356,0.345,0.221,0.302,0.567,0.576,0.0,0.014,0.845,0.18,0.364,0.0,0.294,0.188,0.09,0.412,0.0,0.777,0.855,0.884,0.86,0.044,0.714,0.91,0.422,0.351,0.0,0.03,0.658,0.044,0.0,,0.033,0.451,,1.0,0.0,0.0,,,0.712,0.126,0.961,0.036,0.295,0.041,0.714,0.975,0.006
Macedonia,0.527,0.338,0.315,0.404,0.463,0.475,0.308,0.273,0.279,-0.055,0.378,0.558,,0.0,0.131,0.274,0.296,0.992,0.762,0.088,0.146,0.444,0.831,0.155,0.591,0.344,0.587,0.494,0.082,0.643,0.556,0.426,0.649,0.42,0.061,0.658,0.0,,0.868,0.897,0.554,,0.621,0.0,0.0,0.363,0.403,0.586,0.284,0.106,0.103,0.198,0.254,0.156,0.726,0.237
Madagascar,0.769,0.609,0.5,0.639,0.562,0.753,0.293,0.42,0.486,0.073,0.557,0.247,0.541,0.419,1.0,0.113,0.846,0.737,0.933,0.573,0.34,0.655,0.983,0.35,0.461,0.21,0.342,0.339,0.181,0.549,0.345,0.725,0.728,0.844,0.333,0.825,0.78,0.68,0.867,0.916,,0.067,0.104,0.259,0.67,0.363,0.485,0.301,0.035,0.001,0.857,0.217,0.034,0.0,0.996,0.814
Malawi,0.707,0.515,0.493,0.611,0.498,0.769,,0.409,0.317,0.058,0.542,0.271,0.741,0.0,0.7,0.195,0.677,0.777,0.943,0.648,0.161,0.887,0.94,0.086,0.551,0.356,0.349,0.462,0.104,0.687,0.113,0.805,0.723,0.554,0.364,1.0,1.0,0.502,0.539,0.774,,,,0.0,0.86,0.413,0.403,0.317,0.01,0.001,0.24,0.206,0.072,0.066,0.999,
Malaysia,0.411,0.369,0.443,0.446,0.511,0.355,0.242,0.242,0.29,-0.032,0.369,0.606,0.376,0.374,0.085,0.302,0.347,0.729,0.972,0.258,0.136,0.24,0.627,0.441,0.594,0.464,0.648,0.618,0.564,0.663,0.76,0.41,0.474,0.193,0.091,0.658,0.0,,0.452,0.23,0.417,0.103,0.105,0.612,0.0,0.213,0.336,0.575,0.281,0.14,0.512,0.326,0.01,0.0,0.827,0.063
Maldives,0.505,0.541,0.722,0.483,0.427,0.566,0.634,0.33,,0.104,0.53,0.454,,0.672,0.077,,0.577,0.838,0.864,0.284,0.361,0.635,0.339,0.414,0.656,0.34,0.401,0.475,0.475,0.826,0.365,0.311,0.585,0.0,1.0,0.658,0.061,0.352,0.719,,,1.0,,1.0,0.0,0.538,0.485,0.533,0.225,,,,0.134,0.0,1.0,
Mali,0.754,0.514,0.525,0.638,0.594,0.759,,0.442,0.475,0.114,0.596,0.264,0.553,0.0,0.572,0.17,0.787,1.0,0.934,0.661,0.217,0.596,0.999,0.423,0.165,0.226,0.382,0.332,0.177,0.623,0.404,0.905,0.692,0.76,0.333,1.0,1.0,0.423,0.926,0.818,,,,0.0,0.5,0.5,0.597,0.346,0.031,,0.336,0.634,0.074,0.5,0.83,
Malta,0.364,0.343,0.31,0.188,0.509,0.265,0.428,0.362,0.308,0.001,0.34,0.446,,0.472,0.034,0.463,0.155,0.591,0.0,0.116,0.179,0.056,0.588,,0.737,0.498,0.666,0.679,0.338,0.65,0.944,0.456,0.538,0.126,0.03,0.658,0.0,,0.0,0.083,0.437,0.559,1.0,0.144,0.0,,,0.71,0.473,0.055,0.0,0.146,0.701,0.0,1.0,0.0
Marshall Islands,,,0.587,0.364,0.594,0.654,0.68,,,0.104,0.573,0.409,,0.869,,,,0.85,0.9,0.16,,0.235,,0.159,0.675,0.436,0.286,0.556,0.333,0.685,0.765,0.593,,,0.091,0.658,1.0,,0.721,,,1.0,,1.0,0.008,0.713,0.082,0.343,0.17,,,,,0.0,,
Mauritania,0.721,0.485,0.364,0.602,0.527,0.626,0.515,0.6,0.588,0.086,0.557,0.432,0.518,0.285,0.506,0.104,0.722,0.773,0.815,0.475,0.4,0.473,0.991,0.459,0.455,0.236,0.296,0.377,0.15,0.336,0.527,0.79,0.703,0.659,0.333,1.0,0.269,0.565,0.985,,,0.09,,1.0,0.532,0.438,0.448,0.405,0.038,,0.0,0.0,1.0,0.965,0.973,
Mauritius,0.499,0.513,0.485,0.549,0.341,0.44,0.37,0.325,0.346,0.008,0.426,0.675,0.459,1.0,0.231,0.327,0.392,0.668,0.89,0.106,0.341,0.638,0.606,0.714,0.717,0.533,0.736,0.68,0.214,0.507,0.362,0.378,0.564,0.019,0.333,0.658,0.007,,0.759,,,0.467,1.0,0.103,0.003,0.275,0.552,0.575,0.292,0.022,,0.213,0.189,0.0,0.982,
Mexico,0.47,0.461,0.487,0.379,0.526,0.368,0.173,0.196,0.4,-0.045,0.385,0.402,0.576,1.0,0.049,0.253,0.355,0.53,0.919,0.236,0.096,0.205,0.819,0.0,0.46,0.195,0.459,0.352,0.167,0.531,0.795,0.483,0.551,0.627,0.303,0.658,0.001,0.0,0.812,0.436,0.435,0.215,0.1,0.063,0.0,0.226,0.366,0.548,0.296,0.042,0.608,0.2,0.187,0.115,0.706,0.583
"Micronesia, Federated States of",,,0.598,0.592,0.524,0.66,0.687,,,0.138,0.616,0.324,,0.88,,,,0.976,0.923,0.176,0.441,0.829,,,0.761,0.555,0.349,0.611,0.382,0.671,0.171,0.571,,0.827,0.091,0.658,1.0,,0.866,,,1.0,,1.0,0.173,0.575,0.119,0.34,0.092,,,,,0.0,,
"Moldova, Republic of",0.512,0.441,0.336,0.441,0.457,0.323,0.285,0.391,0.492,-0.036,0.406,0.434,0.647,0.0,0.494,0.219,0.314,0.976,0.84,0.043,0.209,0.614,0.852,0.086,0.535,0.322,0.507,0.444,0.159,0.8,0.386,0.491,0.764,0.139,0.061,0.658,0.111,0.066,0.761,,,0.046,0.79,0.0,0.0,0.588,0.634,0.553,0.416,0.151,0.189,0.253,0.447,0.868,0.93,0.265
Monaco,,,0.432,,0.523,0.172,0.323,,,,,,0.918,0.396,,,,0.644,0.883,0.151,,0.0,,,0.726,,,0.691,0.158,0.576,1.0,0.878,,0.0,0.03,0.658,,,0.982,0.0,,0.114,,0.477,0.0,0.7,,0.859,,0.763,,,,,,0.0
Mongolia,0.619,0.416,0.267,0.307,0.641,0.393,0.206,0.243,0.285,-0.075,0.375,0.5,0.6,0.0,0.666,0.0,0.479,0.753,0.0,0.267,0.218,0.336,0.982,0.041,0.682,0.304,0.463,0.465,0.111,0.774,0.664,0.578,0.744,0.973,0.091,0.658,0.262,0.18,0.555,0.454,0.437,,0.0,0.0,0.019,0.575,0.53,0.528,0.448,0.094,0.0,0.0,0.011,0.0,0.981,0.716
Montenegro,0.431,0.511,0.329,0.347,0.488,0.415,0.186,0.35,0.257,-0.05,0.367,0.471,0.647,0.342,,0.28,0.284,1.0,0.679,0.08,0.374,0.347,0.504,0.1,0.544,0.421,0.59,0.497,0.093,0.743,0.653,0.517,0.623,0.298,0.061,0.658,,0.089,0.937,0.557,,0.041,0.274,0.266,0.0,0.35,0.619,0.623,0.368,0.038,0.067,0.214,,,0.593,0.153
Morocco,0.499,0.374,0.338,0.436,0.393,0.509,0.33,0.299,0.233,-0.083,0.379,0.515,0.682,0.297,0.156,0.238,0.347,0.522,0.784,0.23,0.202,0.387,0.896,0.118,0.502,0.325,0.481,0.459,0.112,0.164,0.613,0.513,0.659,0.296,0.667,0.658,0.075,0.109,0.709,0.62,0.448,0.019,0.899,0.087,0.0,0.525,0.485,0.509,0.287,0.032,0.0,0.0,0.312,0.0,0.879,0.205
Mozambique,0.66,0.518,0.433,0.614,0.57,0.58,0.311,0.416,0.363,0.007,0.493,0.295,0.576,0.323,0.428,0.14,0.783,0.858,0.94,0.582,0.329,0.672,0.983,0.177,0.359,0.239,0.351,0.306,0.144,0.625,0.328,0.815,0.708,0.798,0.364,0.0,1.0,0.555,0.71,,0.693,0.099,0.0,0.169,0.701,0.201,0.388,0.28,0.047,0.004,0.629,0.225,0.012,0.538,0.41,
Myanmar,0.646,0.556,0.565,0.56,0.505,0.671,0.332,0.298,0.398,0.028,0.504,0.297,0.529,0.562,,0.172,0.686,0.83,0.926,0.185,0.28,0.739,0.924,0.305,0.215,0.189,0.281,0.223,0.198,0.808,0.261,0.443,0.772,0.547,1.0,0.892,0.21,0.588,0.982,0.401,,0.248,0.0,0.411,0.299,0.7,,0.373,0.124,,0.563,0.304,0.028,0.141,0.929,0.422
Namibia,0.662,0.465,0.421,0.531,0.556,0.508,0.363,0.347,0.363,0.006,0.464,0.369,0.565,0.838,0.173,0.0,0.392,0.822,0.763,0.406,0.196,0.506,0.99,0.323,0.664,0.485,0.504,0.58,0.144,0.602,0.494,0.663,0.573,0.862,0.364,0.665,0.182,0.418,0.962,,0.689,0.021,0.641,0.011,0.442,0.375,0.254,0.407,0.18,0.015,0.0,0.0,0.039,0.846,0.931,
Nauru,,,0.586,0.412,0.653,0.554,0.704,,,0.132,0.581,,,1.0,,,,0.931,0.878,0.139,,0.0,1.0,0.045,0.709,0.327,0.582,0.356,0.117,0.808,1.0,0.685,,,0.091,0.658,0.796,,0.762,,,1.0,,1.0,0.0,0.816,,0.503,,,,,,0.0,,
Nepal,0.665,0.553,0.477,0.627,0.456,0.638,0.251,0.347,0.416,0.014,0.49,0.391,0.741,0.0,0.915,0.216,0.67,0.773,0.885,0.225,0.331,0.851,0.924,0.545,0.528,0.303,0.383,0.417,0.037,0.823,0.149,0.542,0.721,0.465,1.0,0.671,0.377,0.406,0.975,0.525,0.31,,0.282,0.0,0.102,0.563,0.619,0.405,0.11,0.003,0.235,0.32,0.041,0.057,0.999,0.844
Netherlands,0.198,0.299,0.397,0.105,0.457,0.191,0.576,0.468,0.498,0.06,0.355,0.598,0.553,0.39,0.021,0.46,0.242,0.126,0.0,0.122,0.185,0.08,0.245,0.0,0.727,0.893,0.852,0.851,0.206,0.771,0.92,0.543,0.203,0.101,0.03,0.658,0.001,0.0,0.794,0.026,0.437,1.0,0.883,1.0,0.0,0.138,0.627,0.701,0.609,0.592,0.28,0.319,0.647,0.879,0.866,0.0
New Zealand,0.204,0.415,0.452,0.196,0.479,0.257,0.204,0.224,0.215,-0.05,0.294,0.731,0.612,1.0,0.247,0.0,0.161,0.47,0.386,0.201,0.178,0.142,0.266,0.0,0.817,0.931,0.863,0.866,0.224,0.668,0.858,0.527,0.259,0.341,0.0,0.658,,0.0,0.91,0.182,0.437,0.096,0.29,0.199,0.0,0.201,,0.655,0.529,0.321,0.851,0.287,0.026,0.0,0.128,0.0
Nicaragua,0.516,0.556,0.493,0.478,0.558,0.548,0.29,0.315,0.224,-0.028,0.442,0.29,0.541,0.912,0.499,0.14,0.482,0.765,0.958,0.227,0.217,0.439,0.928,0.1,0.49,0.141,0.339,0.243,0.306,0.43,0.561,0.537,0.641,0.874,0.364,0.658,0.153,0.678,0.993,,0.435,0.253,0.392,0.109,0.112,0.438,0.343,0.421,0.129,0.001,0.616,0.218,0.007,0.051,0.0,0.455
Niger,0.8,0.469,0.633,0.797,0.624,0.742,0.338,0.511,0.822,0.147,0.632,0.344,0.459,0.0,0.655,0.197,0.841,0.664,0.827,1.0,0.532,0.897,1.0,0.523,0.292,0.299,0.357,0.429,0.128,1.0,0.103,0.942,0.769,0.8,0.333,1.0,0.561,0.711,0.934,0.856,,,0.0,0.0,0.816,0.538,0.672,0.308,0.028,,0.58,1.0,0.632,0.897,0.999,
Nigeria,0.673,0.431,0.455,0.588,0.622,0.564,0.223,0.33,0.489,0.013,0.486,0.272,0.412,0.316,0.397,0.206,0.561,0.692,0.975,0.535,0.221,0.509,0.992,0.295,0.264,0.179,0.32,0.341,0.175,0.768,0.491,0.815,0.626,0.857,0.333,0.568,0.343,0.494,0.886,0.71,0.435,0.025,0.0,0.213,0.451,0.213,0.403,0.394,0.079,0.009,0.602,0.314,0.048,0.228,0.939,0.802
Norway,0.206,0.376,0.389,0.239,0.468,0.199,0.12,0.191,0.171,0.02,0.262,0.766,0.765,1.0,0.025,0.114,0.176,0.178,0.0,0.215,0.159,0.18,0.882,0.0,0.76,0.917,0.829,0.892,0.13,0.796,0.82,0.533,0.336,0.195,0.03,0.658,0.0,0.0,0.433,0.354,0.0,0.098,0.0,0.432,0.0,0.188,0.672,0.691,0.559,0.768,0.611,0.369,0.006,0.028,0.0,0.014
Oman,0.545,0.58,0.41,0.459,0.509,0.416,0.183,0.328,0.349,0.042,0.416,0.635,0.624,0.788,0.077,0.457,0.536,1.0,0.811,0.507,0.261,0.14,0.615,0.423,0.657,0.445,0.57,0.589,0.284,0.53,0.86,0.394,0.472,0.511,0.212,0.658,0.0,,0.152,,0.437,0.067,0.0,0.413,0.0,,,0.56,0.313,0.031,0.0,0.0,1.0,0.0,0.996,0.097
Pakistan,0.608,0.557,0.493,0.557,0.444,0.63,0.249,0.459,0.687,0.049,0.521,0.342,0.624,0.738,0.491,0.208,0.653,0.627,0.865,0.367,0.2,0.674,0.912,0.323,0.283,0.244,0.36,0.384,0.104,0.556,0.326,0.686,0.718,0.276,0.667,0.749,0.226,0.565,0.851,,0.399,0.124,0.332,0.027,0.249,0.363,0.716,0.315,0.08,0.007,0.439,0.282,1.0,0.777,0.969,0.657
Palau,,,0.532,0.422,0.573,0.367,0.579,,,0.042,0.485,0.375,,0.305,,,,0.968,0.907,0.22,0.363,0.2,,,0.733,0.327,0.543,0.477,0.436,0.637,0.8,0.417,,,0.091,0.658,0.015,,0.669,,,1.0,,0.742,0.0,0.575,,0.409,0.362,,,,,0.0,,0.089
Panama,0.463,0.379,0.446,0.471,0.525,0.393,0.392,0.317,0.245,0.009,0.401,0.383,0.471,0.497,0.219,0.207,0.296,0.583,0.96,0.285,0.286,0.337,0.911,0.05,0.619,0.294,0.543,0.46,0.336,0.556,0.663,0.53,0.479,0.587,0.303,0.659,0.01,0.164,0.445,,0.429,0.14,1.0,0.363,0.033,0.388,0.239,0.505,0.293,0.024,0.438,0.285,0.007,0.019,0.473,
Papua New Guinea,0.784,0.634,0.491,0.676,0.578,0.67,0.393,0.414,0.327,0.069,0.546,0.325,0.459,0.807,1.0,0.088,0.699,0.749,0.951,0.393,0.17,0.933,0.967,0.641,0.47,0.251,0.339,0.364,0.372,0.686,0.067,0.599,0.777,0.968,0.091,0.778,0.828,,0.796,,,0.065,,0.457,0.4,0.65,0.336,0.325,0.01,0.0,,0.306,0.0,0.0,1.0,
Paraguay,0.474,0.342,0.423,0.455,0.557,0.41,0.155,0.23,0.31,-0.072,0.371,0.409,0.553,0.0,,0.0,0.399,0.757,0.958,0.249,0.115,0.404,0.957,0.045,0.569,0.194,0.464,0.399,0.084,0.645,0.596,0.537,0.628,0.851,0.303,0.658,0.0,0.152,0.945,0.407,0.427,,0.008,0.0,0.0,0.338,0.306,0.496,0.008,0.01,0.489,0.285,0.018,0.698,0.0,0.368
Peru,0.577,0.439,0.457,0.396,0.66,0.452,0.151,0.221,0.411,-0.029,0.418,0.424,0.576,0.358,0.22,0.114,0.364,1.0,0.842,0.245,0.194,0.232,0.842,0.018,0.5,0.28,0.521,0.408,0.385,0.714,0.768,0.522,0.697,0.874,0.364,0.668,0.008,0.348,0.827,0.482,0.432,0.031,0.058,0.04,0.007,0.338,0.313,0.478,0.468,0.018,0.588,0.275,0.02,0.127,0.956,0.499
Philippines,0.551,0.43,0.492,0.511,0.564,0.415,0.361,0.346,0.5,0.001,0.463,0.325,0.471,0.469,0.351,0.237,0.354,0.7,0.96,0.295,0.205,0.564,0.777,0.264,0.41,0.308,0.52,0.383,0.357,0.644,0.436,0.555,0.582,0.806,0.091,0.659,0.188,0.369,0.845,0.402,0.39,0.249,0.457,0.636,0.032,0.4,0.44,0.427,0.234,0.02,1.0,0.323,0.153,0.0,0.984,0.538
Poland,0.367,0.365,0.334,0.24,0.452,0.248,0.247,0.238,0.326,-0.059,0.313,0.471,0.718,0.412,0.119,0.345,0.252,0.344,0.0,0.059,0.127,0.43,0.824,0.0,0.658,0.557,0.671,0.596,0.07,0.781,0.57,0.511,0.459,0.323,0.061,0.658,0.002,0.0,0.777,0.097,0.441,0.102,0.409,0.096,0.0,0.438,0.59,0.579,0.466,0.497,0.418,0.291,0.138,0.114,0.981,0.017
Portugal,0.273,0.411,0.394,0.313,0.408,0.23,0.267,0.297,0.299,-0.058,0.321,0.559,0.612,1.0,0.028,0.367,0.153,0.308,0.761,0.052,0.22,0.357,0.488,0.0,0.734,0.602,0.651,0.732,0.076,0.586,0.643,0.554,0.449,0.141,0.03,0.658,0.003,0.0,0.704,0.152,0.506,0.057,0.672,0.078,0.0,0.288,,0.7,0.466,0.317,0.213,0.171,0.138,0.509,0.716,0.048
Qatar,0.335,0.587,0.397,0.342,0.405,0.31,0.338,0.363,0.215,0.189,0.366,0.657,0.447,0.296,,0.935,0.404,0.854,0.614,0.413,0.167,0.008,0.757,0.095,0.735,0.61,0.676,0.691,0.26,0.58,0.992,0.082,0.415,0.101,0.212,0.658,0.0,,0.984,0.029,0.437,0.846,0.0,0.408,0.0,,,0.575,0.165,0.138,0.0,0.0,1.0,0.034,,0.039
Romania,0.419,0.425,0.445,0.491,0.475,0.314,0.238,0.315,0.44,0.018,0.397,0.421,0.694,0.483,,0.206,0.225,0.514,0.779,,0.15,0.492,0.873,0.159,,,,,0.102,0.699,0.508,0.53,0.536,0.474,0.061,0.658,0.005,,0.668,0.172,0.51,0.241,0.303,0.02,0.0,0.356,0.664,0.611,0.352,0.199,0.481,0.189,0.13,0.8,0.857,0.184
Russian Federation,0.361,0.416,0.44,0.35,0.512,0.335,0.076,0.189,0.266,-0.063,0.326,0.683,0.647,1.0,0.201,0.104,0.222,0.32,0.273,0.07,0.168,0.27,0.971,,0.459,0.218,0.4,0.338,0.075,0.88,0.73,0.489,0.569,0.329,0.061,0.658,0.0,,0.708,0.4,0.262,0.06,0.0,0.058,0.0,,0.485,0.594,0.572,0.774,0.89,0.4,0.013,0.047,0.0,0.245
Rwanda,0.695,0.569,0.509,0.592,0.573,0.743,0.231,0.42,0.454,0.045,0.527,0.539,0.706,0.0,1.0,0.204,0.668,0.838,0.872,0.435,0.312,0.888,0.996,0.05,0.599,0.563,0.519,0.548,0.432,0.796,0.112,0.708,0.574,0.817,0.364,1.0,1.0,0.387,0.535,,,,0.085,0.0,0.54,0.3,0.388,0.332,0.047,0.002,0.157,0.325,0.055,0.286,1.0,0.9
Saint Kitts and Nevis,,,0.435,0.649,0.369,0.428,0.4,0.305,,0.061,0.461,0.426,,0.291,0.069,,,0.834,0.901,0.209,0.402,0.745,0.988,,0.734,0.526,0.614,0.607,0.369,0.252,0.255,0.391,,0.58,0.303,0.658,0.0,,0.938,,,0.736,,0.45,0.0,0.413,,0.67,0.574,,,0.192,0.435,0.0,,
Saint Lucia,,0.362,0.386,0.571,0.232,0.58,0.24,0.288,,-0.048,0.397,0.463,,0.317,0.001,0.293,,0.838,0.913,0.167,0.439,0.874,0.868,0.168,0.717,0.56,0.579,0.633,0.342,0.122,0.126,0.339,,,0.303,0.658,0.493,,0.652,,,0.267,,0.192,0.0,0.5,0.388,0.565,0.107,0.053,,,0.122,0.0,0.996,
Saint Vincent and the Grenadines,,,0.41,0.551,0.352,0.446,,0.28,,,,0.465,,0.294,0.107,,,0.83,0.934,0.103,0.448,0.502,0.768,,0.749,0.61,0.571,0.628,0.384,0.096,0.498,0.478,,0.302,0.303,0.658,0.108,,0.674,,,0.784,,0.308,0.0,,,0.58,0.055,,,0.133,0.068,0.0,,
Samoa,0.601,0.563,0.478,0.597,0.55,0.539,0.355,0.442,0.438,0.036,0.507,0.499,,0.754,,0.235,0.401,0.862,0.906,0.186,0.491,0.887,0.969,0.141,0.761,0.569,0.472,0.684,0.339,0.703,0.113,0.728,,0.867,0.091,0.658,0.551,,0.555,0.534,,0.451,,0.532,0.0,0.438,,0.425,0.122,0.044,,0.213,,0.0,0.987,0.551
San Marino,,,0.27,,0.543,0.369,,,,,,0.533,0.659,0.0,,,,0.858,0.229,0.131,,0.026,,,0.726,,,0.691,0.084,0.63,0.974,0.484,,,0.03,0.658,,,0.964,0.303,,,,0.0,0.0,,,0.65,0.375,1.0,0.011,,,,,0.0
Sao Tome and Principe,0.559,0.532,0.477,0.385,0.616,0.678,,0.416,0.359,0.038,0.514,0.287,,0.376,,0.212,0.696,0.842,0.877,0.422,0.553,0.269,0.0,0.186,0.673,0.484,0.321,0.371,0.446,0.756,0.731,0.753,0.685,0.323,0.333,0.658,0.973,0.531,0.693,0.668,,0.372,,0.123,0.237,,0.56,0.391,0.119,,0.222,0.304,0.016,0.0,0.956,0.654
Saudi Arabia,0.597,0.486,0.358,0.462,0.553,0.396,0.134,0.308,0.399,0.065,0.405,0.692,0.471,0.637,0.148,0.44,0.422,0.802,0.675,0.325,0.236,0.167,0.834,0.536,0.469,0.496,0.571,0.554,0.296,0.541,0.833,0.374,0.485,0.791,0.212,0.658,0.0,,0.952,0.418,0.437,0.039,0.0,0.194,0.0,,,0.649,0.473,0.169,0.0,0.0,1.0,0.0,0.993,
Senegal,0.649,0.407,0.511,0.64,0.559,0.648,0.402,0.415,0.459,0.042,0.52,0.265,0.6,0.343,0.245,0.201,0.488,0.567,0.982,0.616,0.337,0.554,0.985,0.368,0.541,0.439,0.443,0.437,0.325,0.442,0.446,0.781,0.713,0.65,0.333,0.882,0.601,0.319,0.98,0.775,0.436,0.314,0.626,0.424,0.299,0.313,0.448,0.407,0.102,,0.482,0.38,0.102,0.338,0.996,
Serbia,0.546,0.456,0.363,0.419,0.474,0.455,0.261,0.303,0.412,-0.01,0.413,0.416,0.729,0.0,,0.262,0.287,1.0,0.831,0.031,0.086,0.467,0.978,0.118,0.547,0.325,0.515,0.491,0.079,0.719,0.533,0.531,0.615,0.368,0.061,0.658,0.027,,0.687,0.834,0.565,,0.278,0.0,0.0,0.463,0.627,0.614,0.458,0.094,0.131,0.195,0.543,,0.935,0.256
Seychelles,0.424,0.479,0.594,0.394,0.416,0.407,0.588,0.346,,0.064,0.457,0.479,,0.677,0.023,,0.472,0.745,0.89,0.131,0.307,0.453,0.389,0.195,0.701,0.801,0.509,0.576,0.399,0.666,0.547,0.431,,0.035,0.333,0.658,0.008,,0.917,,,1.0,,1.0,0.0,0.35,0.276,0.641,0.113,0.143,,,,0.0,0.997,
Sierra Leone,0.775,0.581,0.485,0.628,0.665,0.681,0.35,0.441,0.46,0.077,0.561,0.223,0.624,0.479,0.703,0.191,0.727,0.761,0.962,0.406,0.514,0.61,0.99,0.286,0.542,0.326,0.314,0.348,0.315,0.82,0.39,0.721,0.815,0.927,0.333,0.393,1.0,0.511,0.973,0.878,,0.151,,0.214,0.746,0.288,0.582,0.3,0.012,,0.564,0.286,0.001,0.0,0.993,0.915
Singapore,0.284,0.335,0.538,0.272,0.46,0.269,0.423,0.33,0.492,0.243,0.375,0.774,,0.183,0.0,0.514,0.174,0.802,0.924,0.217,0.056,0.0,,0.164,0.827,0.924,0.947,0.874,0.639,0.575,1.0,0.307,0.241,0.0,0.0,0.658,0.0,,0.832,0.0,0.437,1.0,1.0,0.04,0.0,0.063,,0.63,0.617,1.0,0.751,,0.712,0.0,0.997,0.0
Slovakia,0.391,0.316,0.335,0.396,0.385,0.389,0.267,0.33,0.348,-0.037,0.35,0.472,0.812,0.0,0.071,0.293,0.196,0.522,0.409,0.077,0.086,0.498,0.912,,0.666,0.479,0.678,0.648,0.07,0.742,0.502,0.483,0.513,0.0,0.061,0.658,,,0.484,0.185,0.482,,0.585,0.0,0.0,,0.642,0.624,0.315,0.177,0.146,0.226,0.038,0.749,0.921,0.008
Slovenia,0.299,0.367,0.331,0.326,0.389,0.249,0.191,0.276,0.305,-0.051,0.304,0.516,0.518,0.299,,0.362,0.148,0.51,0.625,0.085,0.096,0.48,0.672,0.0,0.701,0.591,0.67,0.711,0.071,0.747,0.52,0.548,0.446,0.0,0.03,0.658,0.008,0.0,0.998,0.291,0.578,0.001,0.482,0.084,0.0,0.0,0.724,0.65,0.529,0.577,0.113,0.244,0.046,0.414,0.996,0.018
Solomon Islands,0.68,0.533,0.557,0.576,0.643,0.573,0.669,0.462,,0.118,0.599,0.336,0.482,0.592,,0.079,0.714,0.797,0.96,0.376,0.351,0.807,,0.386,0.654,0.393,0.334,0.44,0.567,0.667,0.193,0.727,0.715,0.988,0.091,0.747,0.536,,0.693,,,0.757,,1.0,0.269,0.65,,0.347,,,,0.332,,0.0,,
Somalia,0.837,0.65,0.526,0.716,0.672,0.841,,,0.512,0.193,0.678,0.623,0.6,0.551,,0.195,0.973,0.931,0.845,0.605,,0.574,0.904,0.65,0.108,0.016,0.145,0.062,0.327,0.668,0.426,0.905,0.818,0.887,0.667,1.0,,,0.907,0.7,,0.024,,0.212,0.508,,,0.254,,,0.0,0.499,0.471,0.592,1.0,
South Africa,0.567,0.489,0.431,0.437,0.529,0.423,0.123,0.239,0.336,-0.055,0.39,0.382,0.6,1.0,0.075,0.341,0.397,0.522,0.839,0.261,0.109,0.347,0.911,0.155,0.448,0.43,0.49,0.535,0.087,0.609,0.653,0.522,0.464,0.837,0.364,0.665,0.048,0.244,0.831,,0.439,0.008,0.0,0.012,0.158,,0.187,0.451,0.16,0.043,0.0,0.295,0.388,0.128,0.87,
Spain,0.24,0.281,0.361,0.317,0.371,0.27,0.298,0.296,0.264,-0.065,0.3,0.499,0.647,0.34,0.038,0.344,0.149,0.17,0.801,0.086,0.172,0.204,0.637,0.0,0.67,0.596,0.665,0.681,0.084,0.533,0.796,0.506,0.297,0.01,0.03,0.658,,0.0,0.654,0.044,0.476,0.042,0.73,0.241,0.0,,0.403,0.686,0.636,0.142,0.453,0.186,0.223,0.003,0.714,0.004
Sri Lanka,0.612,0.402,0.499,0.591,0.546,0.473,0.3,0.298,0.492,0.023,0.468,0.424,0.471,0.367,0.199,0.243,0.463,0.672,0.963,0.13,0.208,0.874,0.682,0.686,0.515,0.348,0.431,0.516,0.353,0.782,0.126,0.515,0.644,0.858,0.303,0.658,0.064,,0.505,,0.386,0.259,0.61,0.231,0.0,0.313,0.575,0.484,0.142,0.076,0.952,0.369,0.21,0.0,0.931,
Sudan,0.738,0.661,0.542,0.717,0.557,0.705,0.263,0.537,0.72,0.127,0.604,0.33,0.6,0.672,0.915,0.19,0.777,0.814,0.962,0.467,0.475,0.694,0.964,0.741,0.237,0.129,0.214,0.271,0.203,0.696,0.306,0.771,0.723,0.645,0.667,0.919,0.247,0.744,0.413,,0.548,0.006,0.112,0.031,0.451,0.431,0.507,0.327,0.111,0.016,0.492,0.269,1.0,0.961,0.88,
Suriname,0.485,0.43,0.418,0.426,0.562,0.459,0.324,0.28,0.16,-0.046,0.394,0.261,0.565,0.347,,0.0,0.423,0.818,0.964,0.179,0.252,0.364,0.546,0.25,0.634,0.334,0.365,0.489,0.352,0.58,0.636,0.5,,0.744,0.303,0.657,0.038,0.159,0.906,0.764,,0.15,0.128,1.0,0.018,,0.239,0.528,0.082,,0.336,0.167,0.005,0.0,0.0,0.453
Swaziland,0.645,0.514,0.446,0.53,0.461,0.569,0.335,0.393,0.446,0.016,0.476,0.285,0.894,0.0,0.544,0.268,0.53,0.85,0.903,0.258,0.293,0.815,0.821,0.091,0.565,0.276,0.389,0.399,0.072,0.709,0.185,0.632,,0.706,0.364,0.663,0.803,0.109,0.628,,,,0.308,0.0,0.205,0.825,0.306,0.418,0.043,,0.209,0.387,0.347,0.415,0.875,
Sweden,0.243,0.352,0.41,0.23,0.568,0.231,0.203,0.233,0.189,-0.012,0.296,0.651,0.8,1.0,0.051,0.032,0.129,0.097,0.0,0.181,0.154,0.127,0.919,0.0,0.748,0.915,0.852,0.85,0.129,0.837,0.873,0.602,0.195,0.774,0.03,0.658,,0.0,0.9,0.052,0.222,0.074,0.387,0.31,0.0,0.226,0.709,0.658,0.56,0.8,0.612,0.377,0.012,0.017,0.114,0.003
Switzerland,0.197,0.231,0.309,0.188,0.371,0.146,0.247,0.232,0.284,-0.009,0.244,0.622,0.647,0.0,0.026,0.372,0.176,0.162,0.0,0.191,0.067,0.28,0.587,0.0,0.765,0.883,0.848,0.864,0.078,0.67,0.72,0.507,0.251,0.0,0.03,0.658,0.0,0.0,0.993,0.004,0.662,,0.534,0.0,0.0,0.038,0.567,0.735,0.432,0.752,0.195,0.263,0.036,0.245,0.904,0.059
Syrian Arab Republic,0.587,0.482,0.372,0.544,0.465,0.452,0.266,0.44,0.565,,0.462,0.262,0.682,0.416,0.331,0.231,0.445,0.785,0.651,0.317,0.332,0.473,0.965,0.523,0.112,0.015,0.182,0.102,0.092,0.581,0.527,0.598,0.638,0.354,0.212,0.658,0.037,,0.981,,0.472,0.0,0.565,0.024,0.11,0.425,0.575,0.392,0.284,0.017,0.249,0.133,1.0,0.724,0.721,
Tajikistan,0.47,0.46,0.361,0.496,0.419,0.392,0.18,0.322,0.288,-0.104,0.372,0.402,0.741,0.0,0.538,0.22,0.362,0.895,0.307,0.383,0.36,0.779,0.892,0.255,0.465,0.117,0.282,0.276,0.058,0.682,0.221,0.65,0.726,0.174,0.061,0.658,0.301,0.172,0.854,,,,0.306,0.0,0.002,0.413,0.627,0.317,0.206,0.0,0.412,0.311,0.143,0.173,0.23,0.458
"Tanzania, United Republic of",0.675,0.531,0.499,0.595,0.572,0.752,0.249,0.354,0.328,0.024,0.504,0.271,0.588,0.31,,0.194,0.56,1.0,0.936,0.665,0.129,0.69,0.99,0.159,0.495,0.343,0.381,0.406,0.186,0.691,0.31,0.827,0.561,0.858,0.364,1.0,1.0,0.413,0.768,0.753,0.347,0.008,0.125,0.022,0.607,0.388,0.552,0.342,0.051,0.0,0.586,0.31,0.053,0.127,0.566,
Thailand,0.486,0.477,0.458,0.463,0.387,0.442,0.413,0.372,0.444,0.005,0.437,0.636,0.553,0.557,0.394,0.244,0.41,0.704,0.969,0.094,0.101,0.516,0.747,0.35,0.476,0.32,0.523,0.531,0.234,0.687,0.484,0.413,0.477,0.025,0.303,0.665,0.003,0.069,0.762,0.757,0.419,0.217,0.539,1.0,0.0,0.3,0.507,0.548,0.29,0.057,0.495,0.299,0.219,0.488,0.717,
Timor-Leste,0.676,0.556,0.524,0.705,0.562,0.716,0.244,0.392,0.224,0.029,0.501,0.366,0.812,0.25,,0.123,0.595,1.0,0.933,,0.48,0.736,0.996,0.377,,,,,0.41,0.613,0.264,0.672,0.854,,1.0,0.328,1.0,0.342,0.912,,,0.119,,0.179,0.039,0.638,0.679,0.354,0.117,,0.394,0.38,0.122,0.0,,
Togo,0.767,0.505,0.409,0.598,0.632,0.538,0.288,0.313,0.415,0.014,0.496,0.426,0.471,0.281,0.347,0.209,0.725,1.0,0.96,0.527,0.232,0.61,0.998,0.259,0.432,0.272,0.379,0.399,0.41,0.745,0.39,0.741,0.71,0.796,0.333,0.237,0.361,0.388,0.804,0.928,0.43,0.03,0.174,0.068,0.465,0.563,0.358,0.347,0.101,,0.211,0.274,0.016,0.218,0.948,0.824
Tonga,0.572,0.685,0.545,0.557,0.502,0.646,0.638,0.6,,0.137,0.605,0.448,,0.886,1.0,0.287,0.446,0.806,0.892,0.202,0.431,0.829,0.936,0.05,0.755,0.337,0.449,0.597,0.194,0.731,0.171,0.678,,0.736,0.091,0.658,1.0,,0.693,0.676,,1.0,,1.0,0.0,0.55,,0.474,0.121,,,0.249,,0.0,,0.722
Trinidad and Tobago,0.498,0.389,0.404,0.414,0.473,0.346,0.225,0.218,0.343,-0.047,0.365,0.311,0.4,0.317,0.014,0.518,0.345,0.737,0.949,0.102,0.278,0.504,0.36,0.291,0.597,0.361,0.488,0.482,0.396,0.362,0.496,0.415,0.672,0.494,0.303,0.658,0.001,0.076,0.864,,0.437,0.272,0.0,0.243,0.0,0.4,,0.581,0.078,0.003,0.622,0.033,0.075,0.0,0.987,
Tunisia,0.466,0.364,0.33,0.391,0.442,0.338,0.382,0.345,0.365,-0.075,0.38,0.534,0.565,0.419,0.147,0.259,0.306,0.49,0.654,0.195,0.187,0.325,0.887,0.095,0.45,0.372,0.428,0.528,0.117,0.381,0.675,0.499,0.744,0.239,0.212,0.658,0.019,0.077,0.822,0.197,0.437,0.165,0.534,0.54,0.0,0.613,0.507,0.52,0.216,0.071,0.0,0.152,0.789,0.091,0.943,0.212
Turkey,0.371,0.446,0.415,0.337,0.422,0.352,0.271,0.273,0.292,-0.043,0.353,0.487,0.459,0.789,0.093,0.298,0.435,0.599,0.765,0.217,0.096,0.253,0.69,0.0,0.381,0.336,0.488,0.427,0.124,0.64,0.747,0.452,0.459,0.107,0.061,0.658,,0.0,0.834,0.22,0.544,0.048,0.664,0.156,0.0,0.213,0.433,0.565,0.776,0.442,0.49,0.19,0.232,0.015,0.534,
Turkmenistan,0.408,0.433,0.309,0.333,0.442,0.314,0.109,0.376,0.465,-0.092,0.349,,0.553,0.0,,0.331,0.4,0.883,0.778,0.215,0.182,0.507,0.128,0.186,0.515,0.099,0.105,0.226,0.067,0.627,0.493,0.56,0.71,0.192,0.061,0.658,0.006,0.086,0.98,,0.437,,0.0,0.0,0.0,,0.455,0.326,0.102,0.046,0.0,0.0,1.0,0.97,0.769,0.053
Tuvalu,,,0.631,0.379,0.619,0.606,,,,,,,,1.0,,,,0.907,0.905,0.143,0.34,0.38,,0.127,0.791,0.58,0.43,0.651,0.56,0.694,0.62,0.603,,,0.091,0.658,0.487,,0.938,0.959,,1.0,,1.0,0.003,,,0.474,,,,,,0.0,,
Uganda,0.692,0.511,0.52,0.633,0.559,0.769,,0.452,0.434,0.099,0.581,0.297,0.529,0.0,1.0,0.217,0.571,0.749,0.963,0.694,0.178,0.802,0.998,0.164,0.422,0.196,0.41,0.44,0.122,0.707,0.198,0.83,0.721,0.776,0.364,1.0,1.0,0.545,0.653,,,,0.285,0.0,0.585,,0.433,0.282,0.032,0.001,0.432,0.388,0.014,0.351,0.565,0.853
Ukraine,0.414,0.422,0.404,0.421,0.467,0.282,0.208,0.288,0.377,-0.083,0.363,0.421,0.706,0.531,0.349,0.166,0.273,0.51,0.712,0.025,0.163,0.326,0.925,0.373,0.381,0.249,0.45,0.379,0.096,0.825,0.674,0.471,0.713,0.021,0.061,0.658,0.024,0.011,0.562,0.286,0.454,0.144,0.376,0.064,0.0,,0.761,0.535,0.547,0.145,0.369,0.261,0.147,0.686,0.685,0.112
United Arab Emirates,0.414,0.464,0.367,0.346,0.335,0.316,0.363,0.344,0.4,0.116,0.371,0.711,0.553,0.308,0.017,0.61,0.412,0.883,0.758,0.284,0.079,0.137,0.474,,0.682,0.696,0.706,0.672,0.286,0.534,0.863,0.075,0.251,0.0,0.212,0.658,0.0,,0.34,0.008,0.437,0.377,0.0,1.0,0.0,,,0.692,0.355,0.02,0.0,0.0,1.0,0.0,0.998,
United Kingdom,0.244,0.279,0.39,0.212,0.416,0.214,0.217,0.214,0.358,-0.051,0.283,0.676,0.565,0.546,0.01,0.361,0.17,0.025,0.0,0.164,0.144,0.171,0.794,0.0,0.663,0.809,0.795,0.789,0.114,0.735,0.829,0.571,0.249,0.0,0.03,0.658,0.0,0.0,0.508,0.019,0.442,0.324,0.257,0.166,0.0,0.113,0.433,0.729,0.46,0.839,0.79,0.31,0.05,0.014,0.981,0.002
United States,0.242,0.426,0.481,0.349,0.453,0.174,0.155,0.204,0.297,0.032,0.309,0.614,0.624,1.0,0.029,0.45,0.206,0.247,0.828,0.181,0.099,0.185,0.802,0.0,0.571,0.666,0.792,0.787,0.076,0.725,0.815,0.529,0.244,0.329,0.03,0.658,0.0,0.0,0.714,0.018,0.436,0.123,0.0,0.12,0.0,0.25,0.351,0.675,0.58,1.0,0.793,0.299,0.135,0.082,0.447,0.027
Uruguay,0.432,0.405,0.454,0.364,0.626,0.315,0.254,0.255,0.275,-0.04,0.373,0.433,0.824,0.479,0.198,0.0,0.35,0.579,0.868,0.129,0.22,0.047,0.852,0.064,0.75,0.797,0.648,0.653,0.0,0.706,0.953,0.528,0.659,0.907,0.303,0.658,0.0,0.051,0.865,,0.431,0.179,0.431,0.133,0.0,0.35,0.388,0.659,0.449,0.032,0.583,0.292,0.034,0.465,0.0,
Uzbekistan,0.379,0.51,0.319,0.277,0.427,0.307,0.103,0.43,0.561,-0.099,0.364,0.527,0.541,0.0,0.893,0.261,0.489,0.874,0.606,0.239,0.2,0.534,0.0,0.082,0.529,0.239,0.39,0.335,0.042,0.769,0.466,0.532,0.623,0.131,0.061,0.658,0.002,,0.92,,0.281,,0.035,0.0,0.0,0.201,0.552,0.559,0.14,0.049,0.0,0.307,1.0,0.801,0.836,0.422
Vanuatu,0.627,0.498,0.487,0.599,0.533,0.644,0.507,0.477,,0.076,0.556,0.372,0.459,0.461,0.499,0.184,0.568,0.814,0.909,0.415,0.395,0.801,0.862,0.214,0.706,0.421,0.48,0.599,0.261,0.698,0.199,0.741,,0.766,0.091,0.675,0.867,,0.945,,,0.573,,0.611,0.33,0.513,,0.427,0.03,,,0.325,,0.0,,
"Venezuela, Bolivarian Republic o",0.488,0.35,0.422,0.43,0.609,0.479,0.211,0.262,0.22,-0.053,0.383,0.111,0.541,0.329,0.193,0.163,0.32,0.555,0.979,0.25,0.29,0.126,0.748,0.186,0.307,0.056,0.07,0.058,0.281,0.52,0.874,0.569,0.744,0.665,0.303,0.656,0.004,0.259,0.863,0.786,0.43,0.087,0.0,0.246,0.0,0.5,0.313,0.46,0.525,0.015,0.447,0.238,0.024,0.392,0.0,
Viet Nam,0.561,0.556,0.491,0.492,0.435,0.352,0.537,0.399,0.48,0.022,0.475,0.491,0.353,0.768,0.608,0.259,0.558,0.789,0.959,0.198,0.127,0.668,0.767,0.236,0.55,0.359,0.426,0.48,0.156,0.644,0.332,0.438,0.51,0.528,0.091,0.66,0.029,0.058,0.955,,0.336,1.0,0.475,1.0,0.0,0.413,0.522,0.526,0.234,0.05,0.434,0.291,0.195,0.593,0.886,
Yemen,0.802,0.569,0.452,0.688,0.615,0.696,0.295,0.396,0.399,0.065,0.544,0.38,0.647,0.541,,0.191,0.675,0.793,0.689,0.428,0.623,0.662,0.977,0.745,0.125,0.045,0.107,0.156,0.319,0.653,0.338,0.722,0.738,0.92,0.667,1.0,0.279,0.446,0.794,0.829,0.437,0.047,0.0,0.095,0.265,0.925,0.582,0.316,0.066,0.009,0.0,0.0,1.0,0.0,0.996,
Zambia,0.564,0.438,0.549,0.569,0.59,0.762,0.332,0.359,0.189,0.001,0.48,0.414,0.824,0.0,0.379,0.157,0.456,0.81,0.925,0.677,0.135,0.591,0.896,0.191,0.58,0.252,0.395,0.392,0.173,0.697,0.409,0.783,0.692,0.786,0.364,1.0,1.0,0.487,0.961,,0.693,,0.116,0.0,0.561,0.288,0.269,0.31,0.026,0.004,0.44,0.253,0.017,0.235,0.0,
Zimbabwe,0.634,0.516,0.517,0.563,0.573,0.71,0.3,0.413,0.375,0.024,0.506,0.26,0.706,0.0,0.787,0.217,0.548,0.838,0.902,0.44,0.222,0.73,0.95,0.132,0.393,0.136,0.233,0.261,0.084,0.688,0.27,0.764,0.813,0.817,0.364,1.0,1.0,0.218,0.918,0.76,0.626,,0.096,0.0,0.477,,,0.349,0.058,0.003,0.44,0.435,0.263,0.387,0.0,0.721
